sgg_cd,sido_nm,sgg_nm,tenure_total,tenure_self,tenure_jeonse,tenure_free,household_monthlyrent,app_dasedae,app_dandok,app_nonresidential,app_apt,app_yeonlip,app_officetel,terminal(min),railway(min),airport(min),publicHospital(min),hospital(min),generalHospital(min),superMarket(min),market(min),park_cnt,park_area(㎡),greenArea_per_person,total_green_area(㎡),dust_level,convenience_postoffice_corp_cnt,convenience_postoffice_corp_vs_ppltn_rate,convenience_administrative_corp_cnt,convenience_administrative_corp_vs_ppltn_rate,convenience_police_corp_cnt,convenience_police_corp_vs_ppltn_rate,convenience_firestation_corp_cnt,convenience_firestation_corp_vs_ppltn_rate,convenience_bank_corp_cnt,convenience_bank_corp_vs_ppltn_rate,shopping_convenience_store_corp_cnt,shopping_convenience_store_corp_vs_ppltn_rate,shopping_supermarket_corp_cnt,shopping_supermarket_corp_vs_ppltn_rate,shopping_departmentorbigmart_corp_cnt,shopping_departmentorbigmart_corp_vs_ppltn_rate,grocery_식료품_corp_cnt,grocery_식료품_corp_vs_ppltn_rate,restaurant_korean_corp_cnt,restaurant_korean_corp_vs_ppltn_rate,restaurant_chinese_corp_cnt,restaurant_chinese_corp_vs_ppltn_rate,restaurant_japan_corp_cnt,restaurant_japan_corp_vs_ppltn_rate,restaurant_bunsik_corp_cnt,restaurant_bunsik_corp_vs_ppltn_rate,restaurant_western_corp_cnt,restaurant_western_corp_vs_ppltn_rate,restaurant_bakery_corp_cnt,restaurant_bakery_corp_vs_ppltn_rate,restaurant_fastfood_corp_cnt,restaurant_fastfood_corp_vs_ppltn_rate,restaurant_chicken_corp_cnt,restaurant_chicken_corp_vs_ppltn_rate,restaurant_beershop_corp_cnt,restaurant_beershop_corp_vs_ppltn_rate,restaurant_cafe_corp_cnt,restaurant_cafe_corp_vs_ppltn_rate,restaurant_etccountry_corp_cnt,restaurant_etccountry_corp_vs_ppltn_rate,medical_hospital_corp_cnt,medical_hospital_corp_vs_ppltn_rate,medical_etcmed_corp_cnt,medical_etcmed_corp_vs_ppltn_rate,medical_pharmacy_corp_cnt,medical_pharmacy_corp_vs_ppltn_rate,medical_eastern_corp_cnt,medical_eastern_corp_vs_ppltn_rate,culture_bookshop_corp_cnt,culture_bookshop_corp_vs_ppltn_rate,culture_theater_corp_cnt,culture_theater_corp_vs_ppltn_rate,culture_library_corp_cnt,culture_library_corp_vs_ppltn_rate,gym_gymfacility_corp_cnt,gym_gymfacility_corp_vs_ppltn_rate,adm_cd,ppltn_year_population_rate,ppltn_Net_migration_rate,ppltn_transfer_in_rate,ppltn_transfer_out_rate,ppltn_tot_transfer_in_cnt,ppltn_tot_transfer_out_cnt,ppltn_Net_migration_cnt,safety_idx
11010,서울특별시,종로구,63414,28559,12259,2673,1.77E+11,23.7,33.4,30,31.2,36.2,26,31.36,20.93,51.36,15.12,4.23,12.99,13.48,8.94,65,1138654,82,12470800,35.83333333,20,6833.9,62,2204.5,28,4881.3,7,19525.3,152,899.2,300,455.6,31,4408.9,1,136677,608,224.8,2322,58.9,192,711.9,235,581.6,378,361.6,298,458.6,199,686.8,185,738.8,148,923.5,692,197.5,1272,107.5,82,1666.8,347,393.9,286,477.9,206,663.5,130,1051.4,85,1608,69,1980.8,102,1340,198,690.3,11010,144865.5,-1.11965927,16.31306281,17.43272208,23632,25254,-1622,27
11020,서울특별시,중구,55093,21470,13608,1663,1.59E+11,21.5,27.7,30.3,30.1,28.4,24.1,24.95,14.12,49.83,12.05,3.48,12.56,9.08,6.37,58,1513152,16,2067200,35.75,14,8142.6,37,3081,21,5428.4,7,16285.3,249,457.8,365,312.3,32,3562.4,8,14249.6,823,138.5,2232,51.1,227,502.2,232,491.4,387,294.6,203,561.6,180,633.3,161,708.1,126,904.7,505,225.7,1082,105.4,98,1163.2,449,253.9,204,558.8,174,655.2,96,1187.5,71,1605.6,15,7599.8,22,5181.7,220,518.2,11020,121519.5,-0.786705014,17.09766745,17.88437247,20777,21733,-956,26
11030,서울특별시,용산구,95714,32638,30080,3860,2.63E+11,23.7,29.9,31.6,37.4,38.2,29.8,23.67,13.74,45.26,16.66,3.53,16.31,9.6,7.43,71,596355,31,7197100,36.33333333,13,15638.1,26,7819,14,14521.1,5,40659,87,2336.7,282,720.9,43,4727.8,3,67765,489,415.7,1349,150.7,149,1364.4,228,891.6,273,744.7,479,424.4,192,1058.8,183,1110.9,136,1494.8,574,354.2,782,260,107,1900,255,797.2,214,950,136,1494.8,62,3279,50,4065.9,9,22588.3,18,11294.2,169,1202.9,11030,219403.5,0.591148272,18.35978004,17.76863177,40282,38985,1297,19
11040,서울특별시,성동구,122186,48991,35142,2937,3.37E+11,20.2,23.4,24.8,29.2,23.9,22.5,23.69,12.08,57.75,13.97,3.04,13.44,10.49,7.39,63,1419224,11,3386100,33.33333333,10,27416.1,23,11920,18,15231.2,4,68540.3,84,3263.8,302,907.8,45,6092.5,3,91387,561,488.7,1552,176.7,137,2001.2,160,1713.5,266,1030.7,213,1287.1,168,1631.9,173,1584.7,181,1514.7,371,739,784,349.7,65,4217.9,360,761.6,197,1391.7,162,1692.4,93,2948,46,5960,7,39165.9,17,16127.1,250,1096.6,11040,291841,-2.721687494,15.47178087,18.19346836,45153,53096,-7943,13
11050,서울특별시,광진구,152090,55756,39244,3305,4.98E+11,19.5,26.5,25.6,29.9,27.1,22.2,17.66,20.74,67.33,13.52,3.03,12.14,11.44,8.41,49,615563,11,3905600,34.08333333,12,27150.1,22,14809.1,12,27150.1,4,81450.3,79,4124.1,374,871.1,47,6931.9,3,108600.3,707,460.8,1750,186.2,214,1522.4,192,1696.9,337,966.8,148,2201.4,200,1629,176,1851.1,218,1494.5,693,470.1,766,425.3,41,7946.4,436,747.3,273,1193.4,186,1751.6,122,2670.5,37,8805.4,14,23271.5,13,25061.6,295,1104.4,11050,343783,-1.389539331,16.26782011,17.65735944,55926,60703,-4777,11
11060,서울특별시,동대문구,150373,63107,34734,3716,4.55E+11,20.2,25.7,26.6,27.9,24.5,21.5,22.47,14.1,62.97,14.89,3.07,10.82,10.7,6.86,73,1705614,7,2605600,32.5,15,21772,21,15551.4,19,17188.4,6,54430,94,3474.3,361,904.7,60,5443,3,108860,1656,197.2,1977,165.2,180,1814.3,121,2699,339,963.4,117,2791.3,168,1943.9,180,1814.3,243,1344,496,658.4,695,469.9,51,6403.5,436,749,305,1070.8,347,941.2,167,1955.6,54,6047.8,6,54430,13,25121.5,259,1260.9,11060,337801,-0.955296165,16.2545404,17.20983656,54908,58135,-3227,19
11070,서울특별시,중랑구,164832,73132,40501,4386,4.22E+11,18.7,25.6,26.2,26.3,24.8,21.3,13.47,12.29,71.01,15.06,3.3,11.16,7.97,7.35,65,2035698,15,5916000,35.25,10,37058.4,26,14253.2,17,21799.1,4,92646,72,5147,313,1184,44,8422.4,6,61764,967,383.2,1818,203.8,102,3633.2,95,3900.9,312,1187.8,62,5977.2,151,2454.2,130,2850.6,245,1512.6,605,612.5,522,709.9,28,13235.1,426,869.9,374,990.9,191,1940.2,112,3308.8,36,10294,6,61764,16,23161.5,257,1442,11070,390233,-0.512001804,15.43026858,15.94227039,60214,62212,-1998,19
11080,서울특별시,성북구,179660,87204,40917,3974,4.44E+11,21,27.8,24.2,27.7,28.9,26.4,33.16,22.84,61.4,16.01,3.48,15.8,9.98,8.01,38,3207954,23,10285400,36.16666667,13,32243.3,28,14970.1,17,24656.6,4,104790.8,96,4366.3,333,1258.7,66,6351,4,104790.8,809,518.1,1575,266.1,149,2813.2,138,3037.4,336,1247.5,114,3676.9,176,2381.6,187,2241.5,258,1624.7,499,840,755,555.2,52,8060.8,417,1005.2,379,1106,208,2015.2,121,3464.2,54,7762.3,11,38105.7,35,11976.1,253,1656.8,11080,432206,-1.221176939,14.56550811,15.78668505,62953,68231,-5278,12
11090,서울특별시,강북구,129805,61818,27876,4179,3.30E+11,20.4,27.9,30.8,26.2,26,22.3,40.01,29.77,66.78,15.9,3.15,12.72,9.36,6.68,56,1489449,46,13895500,38.25,10,28538.6,24,11891.1,13,21952.8,4,71346.5,46,6204,267,1068.9,45,6341.9,2,142693,773,369.2,1553,183.8,111,2571,93,3068.7,257,1110.5,57,5006.8,119,2398.2,140,2038.5,195,1463.5,587,486.2,490,582.4,24,11891.1,371,769.2,278,1026.6,174,1640.1,93,3068.7,27,10569.9,9,31709.6,13,21952.8,193,1478.7,11090,305511.5,-1.646746522,13.62469171,15.27143823,41625,46656,-5031,20
11100,서울특별시,도봉구,127362,74507,24698,3715,2.24E+11,19.7,28.3,29.8,27.2,25.2,23.6,36.43,32.29,70.81,11.75,3.39,14.87,11.16,9.25,51,915756,33,10448100,32.16666667,10,30375.3,24,12656.4,8,37969.1,5,60750.6,37,8209.5,229,1326.4,40,7593.8,3,101251,687,442.1,1190,255.3,85,3573.6,81,3750,222,1368.3,59,5148.4,116,2618.6,112,2712.1,197,1541.9,334,909.4,382,795.2,16,18984.6,283,1073.3,309,983,129,2354.7,85,3573.6,40,7593.8,5,60750.6,18,16875.2,219,1387,11100,325050,-2.294108599,12.43962467,14.73373327,40435,47892,-7457,16
11110,서울특별시,노원구,202695,104051,43955,4861,4.63E+11,20.1,26.2,26.4,24.2,25.6,27.7,29.15,23.1,71.68,12.64,3.28,12.1,9.72,13.08,130,1588693,38,19506400,34.16666667,22,22448.5,24,20577.8,11,44896.9,5,98773.2,72,6859.3,331,1492,78,6331.6,5,98773.2,768,643.1,1566,315.4,158,3125.7,140,3527.6,362,1364.3,104,4748.7,221,2234.7,209,2363,312,1582.9,414,1192.9,666,741.5,33,14965.6,582,848.6,469,1053,238,2075.1,154,3206.9,73,6765.3,7,70552.3,15,32924.4,361,1368,11110,522235,-1.825040451,13.0546593,14.87969975,68176,77707,-9531,13
11120,서울특별시,은평구,190631,99109,47845,5645,3.54E+11,20.7,27.3,28.3,28.1,26.3,20.9,34.23,31.16,40.45,13.48,3.92,15.04,10.36,9.15,84,3291369,29,13699600,34.25,12,37347.9,26,17237.5,23,19485.9,6,74695.8,77,5820.5,367,1221.2,67,6689.2,4,112043.8,943,475.3,1751,256,144,3112.3,128,3501.4,367,1221.2,95,4717.6,215,2084.5,174,2575.7,281,1594.9,567,790.4,646,693.8,46,9742.9,531,844,421,1064.5,228,1965.7,153,2929.2,49,9146.4,4,112043.8,27,16599.1,277,1618,11120,471906,0.042169415,16.18203625,16.13986684,76364,76165,199,11
11130,서울특별시,서대문구,133112,62799,29763,3664,3.43E+11,22,28.9,26.5,28.4,27.7,22.8,35.37,24.09,39.53,12.4,3.78,12.49,13.98,7.6,88,1219219,20,6584000,33.33333333,16,18593.5,25,11899.8,14,21249.7,4,74374,78,3814.1,327,909.8,45,6611,1,297496,638,466.3,1380,215.6,154,1931.8,159,1871,340,875,159,1871,176,1690.3,196,1517.8,182,1634.6,494,602.2,713,417.2,51,5833.3,348,854.9,306,972.2,167,1781.4,94,3164.9,51,5833.3,8,37187,17,17499.8,188,1582.4,11130,304074,0.961936897,18.58231878,17.62038188,56504,53579,2925,18
11140,서울특별시,마포구,160681,63825,42801,4437,4.69E+11,21.5,29.3,31.7,28.1,28.4,22.4,32.29,21.42,35.13,15.95,3.33,17.96,10.22,8.01,100,3071608,15,5489500,32.75,20,17507.9,36,9726.6,18,19453.2,6,58359.7,117,2992.8,511,685.2,58,6037.2,5,70031.6,701,499.5,2492,140.5,314,1115.2,526,665.7,473,740.3,541,647.2,371,943.8,335,1045.2,271,1292.1,1188,294.7,1804,194.1,125,2801.3,608,575.9,394,888.7,217,1613.6,157,2230.3,89,3934.4,38,9214.7,48,7295,353,991.9,11140,365392,-0.671060122,18.12163375,18.79269387,66215,68667,-2452,17
11150,서울특별시,양천구,166044,83149,45237,3810,3.11E+11,19.4,27.9,31.3,26.9,25.1,27.6,36.82,23.82,31.47,13.6,3.46,12.31,13.32,7.87,110,1627765,10,4464100,38.58333333,14,30315.6,27,15719.2,13,32647.6,5,84883.8,92,4613.3,302,1405.4,73,5814,6,70736.5,873,486.2,1357,312.8,124,3422.7,129,3290.1,313,1356,85,4993.2,206,2060.3,192,2210.5,249,1704.5,473,897.3,589,720.6,37,11470.8,509,833.8,387,1096.7,197,2154.4,155,2738.2,59,7193.5,5,84883.8,9,47157.7,363,1169.2,11150,450971,-0.873670369,14.20956115,15.08323152,64081,68021,-3940,12
11160,서울특별시,강서구,244097,100998,70947,6434,6.21E+11,19.7,30.1,33.2,26.1,23.8,21.6,37.96,29.03,23.66,16.04,3.34,12.83,12.31,9.06,159,2456760,19,10979000,38,19,28813.6,40,13686.5,15,36497.2,6,91243,105,5213.9,543,1008.2,81,6758.7,9,60828.7,1167,469.1,2339,234.1,239,2290.6,237,2309.9,460,1190.1,156,3509.3,298,1837.1,280,1955.2,333,1644,849,644.8,1003,545.8,56,9776,688,795.7,544,1006.4,287,1907.5,195,2807.5,68,8050.9,8,68432.3,42,13034.7,495,1106,11160,579138,-2.136796411,15.05651503,17.19331144,87198,99573,-12375,15
11170,서울특별시,구로구,164083,83154,36450,3651,3.67E+11,19.8,30.3,28.7,27,25,25.1,34.07,20.75,41.09,14.11,3.18,11.97,9.69,8.81,66,997709,13,5888100,36.83333333,15,25372.6,23,16547.3,15,25372.6,6,63431.5,106,3590.5,368,1034.2,75,5074.5,4,95147.3,1014,375.3,1790,212.6,356,1069.1,130,2927.6,373,1020.3,71,5360.4,152,2503.9,169,2252,264,1441.6,654,581.9,600,634.3,36,10571.9,466,816.7,408,932.8,213,1786.8,116,3280.9,51,7462.5,10,38058.9,34,11193.8,302,1260.2,11170,400914.5,-0.782959958,15.1865298,15.96948975,60885,64024,-3139,15
11180,서울특별시,금천구,103432,43049,26222,2248,2.88E+11,19.5,29.7,26.6,26.8,22.8,20.2,31.73,23.56,53.45,14.94,3.31,12.31,9.71,7.98,48,399756,14,3631200,34.83333333,7,31492.4,20,11022.4,9,24494.1,2,110223.5,70,3149.2,293,752.4,29,7601.6,4,55111.8,722,305.3,1425,154.7,200,1102.2,95,2320.5,286,770.8,40,5511.2,102,2161.2,109,2022.4,166,1328,407,541.6,511,431.4,41,5376.8,285,773.5,270,816.5,141,1563.5,76,2900.6,29,7601.6,4,55111.8,14,15746.2,187,1178.9,11180,228342,-0.529906894,15.65765387,16.18756076,35753,36963,-1210,21
11190,서울특별시,영등포구,162391,70461,43357,3932,4.00E+11,19.9,28.8,27.8,30.5,25.1,26.7,31.58,13.92,39.32,13.26,3.01,9.63,8.17,7.3,93,777170,9,3953400,34.08333333,25,14276.3,45,7931.3,19,18784.6,6,59484.5,204,1749.5,500,713.8,74,4823.1,9,39656.3,978,364.9,2707,131.8,574,621.8,272,1312.2,423,843.8,190,1878.5,226,1579.2,225,1586.3,262,1362.2,818,436.3,1111,321.2,81,4406.3,620,575.7,355,1005.4,278,1283.8,151,2363.6,64,5576.7,16,22306.7,20,17845.4,375,951.8,11190,366258,2.944099515,21.65386149,18.70976197,79309,68526,10783,16
11200,서울특별시,동작구,167766,71947,42604,4277,4.40E+11,20.9,26.4,23.2,29.8,26.3,23.8,24.79,19.81,47.65,13.56,3.43,14.14,13.65,7.16,80,4467980,13,5110300,39.83333333,12,30923.6,25,14843.3,11,33734.8,5,74216.6,85,4365.7,329,1127.9,53,7001.6,0,0,952,389.8,1330,279,151,2457.5,130,2854.5,297,1249.4,84,4417.7,176,2108.4,166,2235.4,225,1649.3,475,781.2,616,602.4,44,8433.7,461,805,342,1085,199,1864.7,132,2811.2,50,7421.7,3,123694.3,16,23192.7,235,1579.1,11200,387858.5,-1.328835129,16.62874476,17.95757989,64496,69650,-5154,9
11210,서울특별시,관악구,248959,78971,62787,5289,9.52E+11,20.5,24.9,15.2,27.6,25.8,19.8,29.42,27.26,53.88,16.37,3.61,13.85,10.54,7.02,97,2309687,28,14429500,34.91666667,15,31321.3,31,15155.5,14,33558.6,5,93964,77,6101.6,453,1037.1,64,7340.9,3,156606.7,913,514.6,2028,231.7,214,2195.4,217,2165.1,406,1157.2,147,3196.1,194,2421.8,225,2088.1,305,1540.4,760,618.2,763,615.8,67,7012.2,547,858.9,364,1290.7,231,2033.9,157,2992.5,60,7830.3,8,58727.5,25,18792.8,308,1525.4,11210,489798.5,-1.005515533,20.06968172,21.07519725,98301,103226,-4925,16
11220,서울특별시,서초구,156123,69254,44286,3000,3.65E+11,21.9,32.4,34.4,34,40.6,22.4,13.49,25.31,54.92,14.23,3.51,16.61,12.73,13.09,139,1818912,60,24247300,38.75,25,15280.1,48,7958.4,15,25466.9,6,63667.2,203,1881.8,465,821.5,79,4835.5,5,76400.6,504,757.9,2268,168.4,219,1744.3,319,1197.5,465,821.5,301,1269.1,296,1290.6,224,1705.4,221,1728.5,520,734.6,1238,308.6,83,4602.4,1043,366.3,482,792.5,268,1425.4,252,1515.9,73,5232.9,32,11937.6,30,12733.4,562,679.7,11220,419614,-1.529739237,16.97989104,18.50963028,71250,77669,-6419,13
11230,서울특별시,강남구,208833,76399,56300,5865,6.51E+11,23.1,35.4,35.7,32.5,38.3,26.5,19.92,19.46,61.42,15.8,3.25,13.28,10.74,13.41,118,4133101,25,12850700,32,35,13989.3,38,12884.9,15,32641.7,5,97925.2,342,1431.7,857,571.3,132,3709.3,9,54402.9,763,641.7,4094,119.6,416,1177,788,621.4,675,725.4,808,606,430,1138.7,478,1024.3,316,1549.4,972,503.7,2041,239.9,174,2813.9,2377,206,591,828.5,532,920.3,389,1258.7,84,5828.9,35,13989.3,42,11657.8,872,561.5,11230,530126,-1.180285442,17.98157419,19.16185963,95325,101582,-6257,16
11240,서울특별시,송파구,255766,100611,78169,5122,6.81E+11,20.6,26.2,29.6,29.8,25.4,24.4,22.96,21.72,70.28,13.88,3.28,14.85,11.53,11.75,161,2132236,10,7041900,34.41666667,24,25838.5,39,15900.6,23,26961.9,6,103354,181,3426.1,593,1045.7,105,5905.9,8,77515.5,1068,580.6,2811,220.6,250,2480.5,377,1644.9,559,1109.3,280,2214.7,358,1732.2,354,1751.8,350,1771.8,758,818.1,1359,456.3,94,6597.1,951,652.1,519,1194.8,425,1459.1,256,2422.4,82,7562.5,8,77515.5,31,20004,660,939.6,11240,662838,-1.437606172,16.13184519,17.56945136,106928,116457,-9529,13
11250,서울특별시,강동구,177148,75712,52697,3176,4.27E+11,19.1,25.9,27.7,26.8,28.8,22,28.19,32.22,77.96,18.41,3.2,12.3,10.39,7.83,91,3371767,15,6675900,36.91666667,15,29429.6,23,19193.2,17,25967.3,5,88288.8,89,4960,387,1140.7,83,5318.6,4,110361,971,454.6,1869,236.2,159,2776.4,184,2399.2,388,1137.7,114,3872.3,258,1711,189,2335.7,270,1635,593,744.4,757,583.1,49,9009.1,658,670.9,348,1268.5,273,1617,190,2323.4,58,7611.1,6,73574,17,25967.3,360,1226.2,11250,441732.5,5.24435037,22.96344507,17.7190947,101437,78271,23166,15
23010,인천광역시,중구,59494,30772,11838,2524,1.26E+11,22.9,41,36.7,29.5,27.8,23.7,24.95,14.12,49.83,12.05,3.48,12.56,9.08,6.37,58,1513152,16,2067200,35.75,9,15059,42,3226.9,19,7133.2,9,15059,55,2464.2,256,529.4,35,3872.3,15,9035.4,767,176.7,1532,88.5,142,954.4,65,2085.1,197,688,88,1540.1,131,1034.6,114,1188.9,154,880.1,284,477.2,553,245.1,23,5892.7,103,1315.8,159,852.4,68,1993.1,17,7972.4,23,5892.7,7,19361.6,14,9680.8,146,928.3,23010,135667,0,0,0,0,0,0,21
23020,인천광역시,동구,25234,17769,2963,1093,2760490159,21.8,27.2,27.1,24.8,23.1,25.9,36.5,53.61,59.07,10.29,3.45,10.85,9.83,7.51,23,54111,32,1987200,35.16666667,4,14859.5,17,3496.4,5,11887.6,3,19812.7,33,1801.2,40,1486,15,3962.5,1,59438,299,198.8,370,160.6,30,1981.3,1,59438,64,928.7,5,11887.6,23,2584.3,18,3302.1,37,1606.4,101,588.5,98,606.5,1,59438,70,849.1,99,600.4,41,1449.7,18,3302.1,18,3302.1,1,59438,4,14859.5,26,2286.1,23020,62323.5,0,0,0,0,0,0,21
23040,인천광역시,연수구,141117,86293,26695,3442,2.05E+11,21.7,40.6,40.8,29.5,31.3,31.3,28.36,56.22,47.97,16.26,5.39,18.22,12.46,19.62,109,1346444,44,17537000,36.5,8,47070.6,24,15690.2,8,47070.6,4,94141.3,69,5457.5,329,1144.6,71,5303.7,6,62760.8,606,621.4,1570,239.9,163,2310.2,152,2477.4,285,1321.3,153,2461.2,189,1992.4,199,1892.3,258,1459.6,483,779.6,665,566.3,66,5705.5,336,1120.7,326,1155.1,113,3332.4,86,4378.7,56,6724.4,5,75313,25,15062.6,322,1169.5,23040,401345.5,4.907990746,21.08881251,16.18082176,84639,64941,19698,12
23050,인천광역시,남동구,207421,120624,27026,6725,4.77E+11,20.5,35.5,34.5,26.8,25.9,26.7,21.39,52.58,59.91,19.03,3.97,15.14,13.31,12.41,166,7752205,37,19907800,27.16666667,14,35764.9,40,12517.7,14,35764.9,9,55634.2,127,3942.6,499,1003.4,120,4172.6,3,166902.7,1703,294,2724,183.8,252,1986.9,146,3429.5,458,1093.2,116,4316.4,233,2149,239,2095,382,1310.8,732,684,1055,474.6,45,11126.8,602,831.7,586,854.5,244,2052.1,157,3189.2,54,9272.4,8,62588.5,22,22759.5,468,1069.9,23050,374305.5,-2.04378509,19.78971722,21.83350231,74074,81724,-7650,18
23060,인천광역시,부평구,193963,120277,28712,5315,3.43E+11,20.4,32.6,33.4,26.5,22.7,27.1,22.45,44.48,47.21,14.02,3.36,12.9,9.95,12.92,134,1053768,23,11589200,33.5,13,36010.8,28,16719.3,15,31209.4,7,66877.3,117,4001.2,433,1081.2,88,5319.8,3,156047,1245,376,2008,233.1,250,1872.6,114,4106.5,397,1179.2,93,5033.8,191,2451,209,2239.9,332,1410.1,814,575.1,901,519.6,71,6593.5,502,932.6,470,996,247,1895.3,130,3601.1,47,9960.4,11,42558.3,19,24639,355,1318.7,23060,524803,-3.16099565,11.81471905,14.9757147,62004,78593,-16589,20
23070,인천광역시,계양구,113632,74180,16700,3078,1.75E+11,19.4,32.1,33.9,24.8,23.1,27.1,29.47,49.3,34.91,13.6,3.38,13.76,10.9,11.57,89,534933,56,16624300,32.7,6,47296.3,18,15765.4,6,47296.3,4,70944.5,54,5255.1,266,1066.8,57,4978.6,4,70944.5,637,445.5,1398,203,115,2467.6,50,5675.6,241,1177.5,37,7669.7,105,2702.6,124,2288.5,210,1351.3,403,704.2,436,650.9,18,15765.4,294,965.2,334,849.6,127,2234.5,75,3783.7,27,10510.3,3,94592.7,17,16692.8,240,1182.4,23070,497592.5,-1.303074303,7.071449027,8.37452333,35187,41671,-6484,15
23080,인천광역시,서구,200854,122823,36841,5454,3.20E+12,20.6,36.8,33.9,28,24.3,27.9,42.15,57.49,41.75,21.58,4.75,15.58,13.46,18.08,241,4072990,93,50571900,36.5,14,37873.8,35,15149.5,9,58914.8,10,53023.3,94,5640.8,539,983.7,136,3898.8,4,132558.3,1139,465.5,2669,198.7,233,2275.7,143,3707.9,449,1180.9,98,5410.5,230,2305.4,210,2524.9,434,1221.7,632,839,907,584.6,56,9468.4,430,1233.1,466,1137.8,189,2805.5,107,4955.4,55,9640.6,9,58914.8,25,21209.3,450,1178.3,23080,297385.5,-1.332277465,26.66942403,28.0017015,79311,83273,-3962,18
23090,인천광역시,미추홀구,168908,97510,23765,5711,3.41E+11,22.1,33.7,30,27.6,25.7,27.9,22.4,52.72,59.37,12.85,3.83,12.93,12.63,6.84,126,1050375,10,4420200,35.33333333,9,43948.3,42,9417.5,11,35957.7,8,49441.9,102,3877.8,433,913.5,91,4346.5,4,98883.8,1162,340.4,2086,189.6,232,1704.9,104,3803.2,399,991.3,58,6819.6,163,2426.6,176,2247.4,347,1139.9,842,469.8,753,525.3,43,9198.5,370,1069,421,939.5,189,2092.8,106,3731.5,26,15212.9,8,49441.9,29,13639.1,295,1340.8,23090,539670,-0.779921063,11.91839457,12.69831564,64320,68529,-4209,21
23510,인천광역시,강화군,27827,22642,1284,1625,183435587,26.5,44.5,40.5,28.3,30.5,45.2,42.5,120,113.38,23.32,34.07,46.15,79.67,39.96,9,48885,2858,188730500,31.09090909,14,4600.9,28,2300.5,17,3789,11,5855.7,31,2077.8,112,575.1,16,4025.8,0,0,494,130.4,895,72,37,1740.9,14,4600.9,54,1192.8,29,2221.1,28,2300.5,20,3220.7,43,1498,75,858.8,292,220.6,2,32206.5,42,1533.6,148,435.2,26,2477.4,18,3578.5,12,5367.8,0,0,22,2927.9,37,1740.9,23510,68662,0.859281699,11.82750284,10.96822114,8121,7531,590,20
23520,인천광역시,옹진군,8750,5361,323,1780,652503131,25.5,44.4,38.4,25,28.1,-,120,120,120,25.45,84.07,120,120,120,0,0,6820,131588500,37.18181818,7,2540.4,14,1270.2,22,808.3,8,2222.9,13,1367.9,30,592.8,9,1975.9,0,0,137,129.8,376,47.3,18,987.9,2,8891.5,16,1111.4,4,4445.8,3,5927.7,6,2963.8,25,711.3,37,480.6,66,269.4,0,0,3,5927.7,37,480.6,4,4445.8,0,0,0,0,0,0,4,4445.8,16,1111.4,23520,20366.5,0,15.9182972,15.9182972,3242,3242,0,14
31011,경기도,수원시 장안구,104418,59051,20730,2763,2.07E+11,20.7,32.4,30,26.7,24.5,25.2,20.64,21.57,80.86,15.76,3.65,16.83,10.58,10.28,424,16827335,67,18701900,38.06709957,8,33186.9,21,12642.6,7,37927.9,2,132747.5,55,4827.2,227,1169.6,55,4827.2,2,132747.5,555,478.4,1184,224.2,102,2602.9,48,5531.1,229,1159.4,37,7175.5,118,2250,124,2141.1,222,1195.9,341,778.6,487,545.2,19,13973.4,269,987,251,1057.7,118,2250,75,3539.9,31,8564.4,4,66373.8,17,15617.4,227,1169.6,31011,273907.5,-4.130591532,61.40905233,65.53964386,168204,179518,-11314,12
31012,경기도,수원시 권선구,143231,75796,26284,3343,3.57E+11,21.1,33.4,33.5,26.7,23.5,29.6,13.98,18.44,84.57,18.11,4.34,19.47,11.26,14.88,424,16827335,44,16450600,38.06709957,8,43886.6,20,17554.7,8,43886.6,6,58515.5,63,5572.9,340,1032.6,75,4681.2,8,43886.6,663,529.6,1616,217.3,144,2438.1,71,4945,267,1315,50,7021.9,151,2325.1,142,2472.5,252,1393.2,421,834,535,656.2,26,13503.6,280,1253.9,280,1253.9,141,2490,84,4179.7,37,9489,3,117031,26,13503.6,298,1178.2,31012,367861.5,-3.075614056,45.72481763,48.80043168,168204,179518,-11314,12
31013,경기도,수원시 팔달구,76086,34222,16768,2074,2.07E+11,21,34.8,30.7,27.2,28.4,32.6,18.5,17.37,81.98,15.19,3.28,12.41,11.34,8.84,424,16827335,13,2504200,38.06709957,5,34817,27,6447.6,11,15825.9,2,87042.5,80,2176.1,272,640,47,3703.9,3,58028.3,674,258.3,1332,130.7,197,883.7,123,1415.3,255,682.7,101,1723.6,112,1554.3,106,1642.3,163,1068,584,298.1,725,240.1,77,2260.8,352,494.6,236,737.6,159,1094.9,109,1597.1,29,6002.9,7,24869.3,19,9162.4,195,892.7,31013,172566.5,-6.556313074,97.47198906,104.0283021,168204,179518,-11314,12
31014,경기도,수원시 영통구,142354,71600,37331,2184,2.99E+11,21.3,35.2,27.9,27.7,32.3,29.1,22.43,26.19,86.64,17.74,4.13,17.74,9.28,18.78,424,16827335,30,11130700,38.06709957,12,29489.5,32,11058.6,6,58979,2,176937,68,5204,346,1022.8,61,5801.2,7,50553.4,561,630.8,1494,236.9,138,2564.3,162,2184.4,309,1145.2,142,2492.1,232,1525.3,225,1572.8,240,1474.5,352,1005.3,831,425.8,56,6319.2,381,928.8,213,1661.4,154,2297.9,100,3538.7,75,4718.3,6,58979,27,13106.4,280,1263.8,31014,367134,-3.081708586,45.81542434,48.89713293,168204,179518,-11314,12
31021,경기도,성남시 수정구,104775,35822,29719,3440,3.33E+11,21.4,27.8,28.9,26.7,28.4,27.3,23.61,24.74,80.87,13.77,4.29,12.02,12.97,10.91,284,12764402,118,29429400,36.84217172,10,22766,26,8756.2,12,18971.7,6,37943.3,59,3858.6,257,885.8,41,5552.7,1,227660,599,380.1,1111,204.9,138,1649.7,77,2956.6,220,1034.8,59,3858.6,101,2254.1,118,1929.3,159,1431.8,330,689.9,463,491.7,32,7114.4,358,635.9,249,914.3,148,1538.2,77,2956.6,26,8756.2,3,75886.7,14,16261.4,198,1149.8,31021,234558.5,-1.533945689,65.14153186,66.67547755,152795,156393,-3598,14
31022,경기도,성남시 중원구,89721,38074,22461,2506,2.38E+11,21.1,25.6,30.8,25.1,24.3,24.6,21.14,29.89,84.65,13.77,3.94,13.58,17.34,7.26,284,12764402,74,15718800,36.84217172,7,29045.9,17,11960.1,7,29045.9,1,203321,50,4066.4,221,920,48,4235.9,0,0,689,295.1,1149,177,89,2284.5,63,3227.3,197,1032.1,29,7011.1,80,2541.5,68,2990,151,1346.5,459,443,329,618,20,10166.1,246,826.5,216,941.3,104,1955,72,2823.9,12,16943.4,1,203321,15,13554.7,184,1105,31022,214929,-1.674041195,71.0909184,72.76495959,152795,156393,-3598,14
31023,경기도,성남시 분당구,175089,85763,44643,2839,40491125994,24.5,36.5,36.3,31,39,31.6,19.28,35.06,76.97,18.22,4.2,14.72,10.33,10.17,284,12764402,96,44270400,36.84217172,16,28210.9,45,10030.6,11,41034.1,6,75229.2,170,2655.1,426,1059.6,70,6448.2,9,50152.8,681,662.8,1893,238.4,206,2191.1,328,1376.1,392,1151.5,258,1749.5,338,1335.4,244,1849.9,257,1756.3,515,876.5,1026,439.9,92,4906.3,746,605.1,434,1040,275,1641.4,206,2191.1,80,5642.2,8,56421.9,25,18055,452,998.6,31023,480686,-0.748513583,31.78686294,32.53537652,152795,156393,-3598,14
31030,경기도,의정부시,178067,97932,28080,4951,4.43E+11,22.2,32.1,33.1,26.2,25,27.1,17.34,43.35,78.41,19.33,3.69,14.89,12.05,17.83,208,3208216,118,53133200,33.16666667,11,40455.5,43,10349.1,11,40455.5,7,63573,97,4587.7,496,897.2,91,4890.2,5,89002.2,991,449.1,2301,193.4,164,2713.5,130,3423.2,389,1144,110,4045.6,232,1918.2,217,2050.7,352,1264.2,743,598.9,754,590.2,43,10349.1,463,961.1,524,849.3,211,2109.1,105,4238.2,62,7177.6,9,49445.7,32,13906.6,371,1199.5,31030,450780.5,2.20306779,17.44640684,15.24333905,78645,68714,9931,18
31041,경기도,안양시 만안구,92486,52269,18464,2186,1.76E+11,19.9,30.9,30.1,26.3,24.5,28.6,23.25,11.59,63.02,14.92,3.48,13.5,10.19,10.2,185,6916140,101,24453900,40.24810606,6,38437.8,19,12138.3,5,46125.4,3,76875.7,52,4435.1,225,1025,53,4351.5,0,0,785,293.8,1208,190.9,132,1747.2,46,5013.6,219,1053.1,45,5125,94,2453.5,117,1971.2,152,1517.3,460,501.4,485,475.5,18,12812.6,229,1007.1,247,933.7,114,2023,69,3342.4,20,11531.4,7,32946.7,19,12138.3,177,1303,31041,239293,-7.506696811,33.42429574,40.93099255,79982,97945,-17963,11
31042,경기도,안양시 동안구,110955,64348,26294,2856,1671466281,18.5,29.7,29.6,26.5,27,29.2,34.42,20.15,71.64,13.11,3.58,13.1,9.11,12.03,185,6916140,31,9448200,40.24810606,12,24466.9,30,9786.8,8,36700.4,4,73400.8,95,3090.6,267,1099.6,58,5062.1,5,58720.6,621,472.8,1395,210.5,126,2330.2,156,1882.1,251,1169.7,90,3262.3,175,1677.7,131,2241.2,186,1578.5,459,639.7,652,450.3,29,10124.2,435,674.9,276,1063.8,177,1658.8,121,2426.5,41,7161,6,48933.8,19,15452.8,319,920.4,31042,314106.5,-5.718760993,25.46333807,31.18209907,79982,97945,-17963,11
31050,경기도,부천시,315696,183580,54755,8113,6.23E+11,18.9,30.8,28.8,26.4,22.6,29.2,21.69,36.16,39.49,15.01,3.46,11.82,9.8,8.85,233,4206888,17,14555200,35.63636364,23,33759.4,55,14117.6,18,43137.1,11,70587.9,176,4411.7,759,1023,158,4914.3,9,86274.1,2156,360.1,3965,195.8,445,1744.9,258,3009.6,705,1101.4,191,4065.3,395,1965.7,381,2038,611,1270.8,1265,613.8,1420,546.8,90,8627.4,869,893.5,788,985.4,409,1898.5,234,3318.2,76,10216.7,18,43137.1,49,15846.3,691,1123.7,31050,816254,-1.54057438,11.65201028,13.19258466,95110,107685,-12575,13
31060,경기도,광명시,111383,59460,25994,2496,22128971334,20.1,29.8,28.7,24.8,22.8,22.9,25,22.67,52.17,15.53,3.86,14.64,9.91,13.23,141,2283249,59,17798300,37,9,31284.1,30,9385.2,8,35194.6,4,70389.3,69,4080.5,197,1429.2,46,6120.8,2,140778.5,694,405.7,1149,245,102,2760.4,90,3128.4,234,1203.2,46,6120.8,130,2165.8,111,2536.5,176,1599.8,332,848.1,419,672,19,14818.8,339,830.6,246,1144.5,133,2117,90,3128.4,52,5414.6,8,35194.6,24,11731.5,211,1334.4,31060,304481,-6.006942962,15.37435833,21.3813013,46812,65102,-18290,11
31070,경기도,평택시,213185,116514,31048,12303,4.96E+11,23.4,46.6,37.5,27.2,30.7,28.5,19.14,25.57,112.06,17.08,8.43,23.91,19.81,21.09,452,8830293,227,123301500,35.81818182,25,21353.7,57,9365.6,21,25421,12,44486.8,116,4602.1,935,571,170,3140.2,6,88973.7,1206,442.7,3801,140.4,362,1474.7,164,3255.1,525,1016.8,182,2933.2,229,2331.2,300,1779.5,558,956.7,959,556.7,1066,500.8,112,4766.4,454,1175.9,460,1160.5,258,2069.2,118,4524.1,67,7967.8,13,41064.8,30,17794.7,463,1153,31070,518513.5,4.43922868,19.88337816,15.44414948,103098,80080,23018,20
31080,경기도,동두천시,37936,23177,4432,1263,7919971174,25.5,36.8,33.7,27.1,30.4,27.2,20.15,72.19,110.2,14.74,9.27,39.02,13.99,15.39,49,1248861,801,76316100,36.58333333,3,29971.3,22,4087,6,14985.7,3,29971.3,18,4995.2,113,795.7,14,6422.4,1,89914,297,302.7,670,134.2,53,1696.5,29,3100.5,67,1342,37,2430.1,47,1913.1,49,1835,82,1096.5,214,420.2,167,538.4,18,4995.2,76,1183.1,151,595.5,42,2140.8,16,5619.6,7,12844.9,6,14985.7,10,8991.4,84,1070.4,31080,92584.5,-0.043203776,14.41385977,14.45706355,13345,13385,-40,24
31091,경기도,안산시 상록구,139191,68712,26816,3532,3.70E+11,23.1,35.8,35.5,27.7,27.7,28.4,19.31,38.13,87.69,16.72,4.53,21.8,14.61,11.97,316,9287098,82,29572100,33.12619048,11,30862.5,20,16974.4,12,28290.7,4,84872,52,6528.6,375,905.3,60,5658.1,2,169744,681,498.5,1588,213.8,138,2460.1,77,4408.9,282,1203.9,60,5658.1,136,2496.2,137,2478,279,1216.8,442,768.1,475,714.7,24,14145.3,224,1515.6,312,1088.1,125,2715.9,70,4849.8,27,12573.6,2,169744,18,18860.4,287,1182.9,31091,345097,0.885258348,33.92524421,33.03998586,117075,114020,3055,17
31092,경기도,안산시 단원구,121407,65266,20292,4375,2.86E+11,21.4,43.4,38.6,25.5,22.3,22.8,23.25,48.4,84.96,16.48,5.08,14.99,13.13,16.16,316,9287098,143,51328200,33.12619048,14,20893.9,33,8864.1,17,17206.7,7,41787.7,110,2659.2,387,755.9,71,4119.9,7,41787.7,941,310.9,2233,131,330,886.4,123,2378.2,293,998.3,109,2683.6,173,1690.8,158,1851.4,268,1091.5,651,449.3,736,397.4,91,3214.4,377,775.9,336,870.6,170,1720.7,97,3015.6,37,7905.8,10,29251.4,24,12188.1,360,812.5,31092,301918,1.011864149,38.77708517,37.76522102,117075,114020,3055,17
31101,경기도,고양시 덕양구,180981,96139,31256,4758,4.54E+11,21.3,31.1,29.9,26.8,24.7,29,21.42,26.62,45.1,23.82,5.23,21.48,15.83,17.71,298,7724616,201,92647000,39.77083333,12,38175.6,33,13882,13,35239,7,65443.9,79,5798.8,382,1199.2,95,4822.2,5,91621.4,837,547.3,1970,232.5,168,2726.8,122,3755,338,1355.3,103,4447.6,238,1924.8,215,2130.7,306,1497.1,444,1031.8,688,665.9,31,14777.6,391,1171.6,394,1162.7,206,2223.8,115,3983.5,40,11452.7,6,76351.2,35,13088.8,394,1162.7,31101,467050.5,2.644896002,36.76433276,34.11943676,171708,159355,12353,9
31103,경기도,고양시 일산동구,112376,60059,20973,3147,2.61E+11,22.3,38.4,35.3,31.2,34.8,32.8,21.3,31.37,47.66,16.1,5.69,13.77,14.99,22.12,298,7724616,73,21531400,39.77083333,8,35519.3,26,10929,7,40593.4,5,56830.8,65,4371.6,329,863.7,54,5262.1,6,47359,457,621.8,1518,187.2,138,2059.1,173,1642.5,270,1052.4,141,2015.3,214,1327.8,186,1527.7,185,1536,520,546.5,782,363.4,45,6314.5,299,950.3,371,765.9,148,1920,73,3892.5,46,6177.3,9,31572.7,18,15786.3,297,956.7,31103,295459.5,4.180945273,58.11557929,53.93463402,171708,159355,12353,9
31104,경기도,고양시 일산서구,105507,65916,23256,1819,1.32E+11,20.6,36.2,36.5,30.2,28.4,33.1,25.63,35.3,50.68,16.76,4.39,14.73,13.89,16.01,298,7724616,24,7089300,39.77083333,6,46704.8,10,28022.9,5,56045.8,2,140114.5,52,5389,242,1158,47,5962.3,7,40032.7,451,621.4,1044,268.4,102,2747.3,70,4003.3,246,1139.1,62,4519.8,145,1932.6,129,2172.3,184,1523,191,1467.2,412,680.2,32,8757.2,297,943.5,247,1134.5,136,2060.5,96,2919.1,43,6517,6,46704.8,12,23352.4,233,1202.7,31104,299967,4.11811966,57.24229665,53.12417699,171708,159355,12353,9
31110,경기도,과천시,20504,8534,6011,685,488731671,25.7,27.2,28.8,28.2,35.2,24.4,31.1,31.82,66.56,14.71,5.9,24.48,10.97,11.38,78,7612828,414,24068600,35.9,5,12970.2,26,2494.3,3,21617,2,32425.5,19,3413.2,65,997.7,6,10808.5,1,64851,147,441.2,258,251.4,11,5895.5,13,4988.5,46,1409.8,14,4632.2,38,1706.6,18,3602.8,21,3088.1,24,2702.1,100,648.5,4,16212.8,57,1137.7,58,1118.1,24,2702.1,14,4632.2,20,3242.6,0,0,11,5895.5,30,2161.7,31110,59890.5,7.996259841,25.15590953,17.15964969,15066,10277,4789,10
31120,경기도,구리시,73253,39436,15573,1637,15514740353,21.6,30,31.5,26.2,25.7,25.1,22.63,22.33,83.22,10.21,3.73,13.52,12.01,13.54,108,1333523,77,14828700,27.4,5,36855.8,21,8775.2,6,30713.2,4,46069.8,37,4980.5,170,1084,33,5584.2,4,46069.8,486,379.2,1041,177,77,2393.2,83,2220.2,161,1144.6,32,5758.7,94,1960.4,99,1861.4,130,1417.5,318,579.5,327,563.5,18,10237.7,256,719.8,188,980.2,107,1722.2,74,2490.3,32,5758.7,4,46069.8,10,18427.9,199,926,31120,196379,-0.989413328,15.20070883,16.19012216,29851,31794,-1943,13
31130,경기도,남양주시,252977,146665,47809,6862,4.87E+11,22.4,36.6,32.4,28,25.5,21.2,39.47,18.56,98.06,15.73,6.11,28.68,19.63,33.69,245,6677247,483,336309500,36.33333333,12,58144.7,29,24059.9,20,34886.8,14,49838.3,95,7344.6,613,1138.2,163,4280.6,7,99676.6,1408,495.6,3314,210.5,270,2584.2,196,3559.9,491,1421.1,185,3771.5,319,2187.3,327,2133.7,504,1384.4,567,1230.6,1074,649.7,48,14536.2,587,1188.6,629,1109.3,274,2546.5,149,4682.8,78,8945.3,8,87217,52,13418,549,1270.9,31130,702634.5,1.579199427,13.23888878,11.65968935,93021,81925,11096,12
31140,경기도,오산시,91909,46574,14460,2112,2.55E+11,20.7,40.2,32.7,26.3,23.6,21.8,17.31,17.17,98.08,18.87,5.13,15.45,13.42,19.43,113,2151442,66,16010800,39,6,37430.8,16,14036.6,6,37430.8,4,56146.3,36,6238.5,260,863.8,58,3872.2,3,74861.7,482,465.9,1149,195.5,155,1448.9,60,3743.1,199,1128.6,38,5910.1,99,2268.5,106,2118.7,198,1134.3,265,847.5,359,625.6,28,8020.9,196,1145.8,181,1240.8,92,2441.1,42,5347.3,26,8637.9,7,32083.6,17,13210.9,204,1100.9,31140,226810,1.122525462,15.29518099,14.17265553,34691,32145,2546,16
31150,경기도,시흥시,192833,106322,29793,5150,4.80E+11,20,45.1,35.6,25.7,22.9,24.6,30.38,49.8,67.39,16.6,4.6,19.32,16.39,18.13,333,6099187,100,53593500,37,11,45116.2,35,14179.4,13,38175.2,8,62034.8,106,4681.9,600,827.1,123,4034.8,5,99255.6,1215,408.5,2946,168.5,411,1207.5,153,3243.6,492,1008.7,134,3703.6,235,2111.8,258,1923.6,440,1127.9,679,730.9,821,604.5,64,7754.3,407,1219.4,454,1093.1,186,2668.2,87,5704.3,60,8271.3,7,70896.9,31,16009,457,1085.9,31150,483807,5.245480119,20.36018495,15.11470483,98504,73126,25378,14
31160,경기도,군포시,103186,58520,20309,2022,2.09E+11,19.4,32.2,32.4,26.2,22.3,26,30.43,21.84,73.47,12.01,4.13,12.01,10.88,11.54,145,2669737,72,19928300,36.90909091,8,32300.1,19,13600.1,5,51680.2,4,64600.3,52,4969.3,216,1196.3,45,5742.2,2,129200.5,493,524.1,1094,236.2,140,1845.7,82,3151.2,191,1352.9,42,6152.4,119,2171.4,93,2778.5,174,1485.1,359,719.8,419,616.7,31,8335.5,252,1025.4,284,909.9,117,2208.6,71,3639.5,21,12304.8,4,64600.3,24,10766.7,217,1190.8,31160,272796,-0.942462499,13.66332351,14.60578601,37273,39844,-2571,8
31170,경기도,의왕시,59444,35975,11886,1267,973552556,20.6,33.7,31.4,27.2,27,23.3,34.48,28.22,77.28,14.23,4.62,20.76,12.48,16.21,132,2361794,215,34592100,30.58333333,6,26213,18,8737.7,5,31455.6,4,39319.5,32,4914.9,129,1219.2,33,4766,2,78639,266,591.3,606,259.5,41,3836,24,6553.3,83,1894.9,44,3574.5,68,2312.9,54,2912.6,79,1990.9,107,1469.9,289,544.2,11,14298,124,1268.4,149,1055.6,49,3209.8,32,4914.9,23,6838.2,2,78639,12,13106.5,123,1278.7,31170,161142,1.513571881,18.29814698,16.7845751,29486,27047,2439,7
31180,경기도,하남시,112462,48706,27936,3056,3.16E+11,22.5,27.4,29.1,26.5,32.2,22.9,39.5,38.35,89.26,12.89,4.83,24.13,12.6,14.56,192,3108443,200,56074600,41.08333333,6,50010.8,24,12502.7,6,50010.8,5,60013,56,5358.3,303,990.3,44,6819.7,6,50010.8,571,525.5,1268,236.6,115,2609.3,118,2542.9,230,1304.6,91,3297.4,131,2290.6,145,2069.4,185,1622,217,1382.8,483,621.3,27,11113.5,292,1027.6,224,1339.6,124,2419.9,74,4054.9,30,10002.2,9,33340.6,29,10347.1,267,1123.8,31180,280941,7.154527107,22.63322192,15.47869481,63586,43486,20100,9
31191,경기도,용인시 처인구,100342,60106,15970,4577,1.80E+11,22,40.5,34.5,26.5,25.6,24.5,28.73,64.77,112.09,18.93,11,29.88,28.13,27.27,412,11727959,1148,308084600,38.31666667,13,19458,33,7665.3,10,25295.4,11,22995.8,45,5621.2,419,603.7,70,3613.6,1,252954,607,416.7,1789,141.4,158,1601,52,4864.5,228,1109.4,61,4146.8,115,2199.6,115,2199.6,205,1233.9,339,746.2,627,403.4,24,10539.8,187,1352.7,230,1099.8,92,2749.5,46,5499,32,7904.8,3,84318,15,16863.6,239,1058.4,31191,253857.5,5.00004924,66.07841013,61.07836089,167745,155052,12693,10
31192,경기도,용인시 기흥구,157399,91671,29864,3101,3.11E+11,22.3,37.4,31,30.9,42.1,29.1,32.53,38.78,91.22,17.75,5.41,18.29,11.15,24.5,412,11727959,108,47085500,38.31666667,7,60769,25,17015.3,10,42538.3,3,141794.3,67,6349,373,1140.4,84,5064.1,7,60769,600,709,1370,310.5,130,3272.2,113,3764.5,286,1487.4,100,4253.8,180,2363.2,191,2227.1,251,1694.8,247,1722.2,685,621,45,9453,366,1162.2,311,1367.8,162,2625.8,94,4525.4,69,6165,7,60769,27,15754.9,341,1247.5,31192,436038,2.910984822,38.47027094,35.55928612,167745,155052,12693,10
31193,경기도,용인시 수지구,129188,81120,27980,1789,1724697974,22.5,38,38.9,33.8,37.2,24.6,35.97,44.03,85.56,16.55,4.65,28.17,12.52,19.75,412,11727959,76,27835600,38.31666667,8,44482.3,13,27373.7,2,177929,1,355858,66,5391.8,241,1476.6,52,6843.4,3,118619.3,421,845.3,871,408.6,90,3954,94,3785.7,201,1770.4,79,4504.5,160,2224.1,129,2758.6,187,1903,207,1719.1,498,714.6,42,8472.8,341,1043.6,233,1527.3,138,2578.7,100,3558.6,50,7117.2,8,44482.3,16,22241.1,269,1322.9,31193,369842,3.4320061,45.35585466,41.92384856,167745,155052,12693,10
31200,경기도,파주시,170924,94478,25652,7100,3.88E+11,23.1,38.1,32.4,28.1,28.1,19.6,47.4,51.51,70.18,17.09,7.89,28.64,21.25,20.58,213,6827391,855,393975000,35.41666667,18,25332.9,37,12324.1,15,30399.5,14,32570.9,97,4701,572,797.2,103,4427.1,5,91198.6,956,477,2758,165.3,232,1965.5,121,3768.5,370,1232.4,136,3352.9,247,1846.1,245,1861.2,376,1212.7,465,980.6,957,476.5,55,8290.8,345,1321.7,471,968.1,167,2730.5,86,5302.2,58,7861.9,16,28499.6,89,5123.5,358,1273.7,31200,456020,2.475549318,16.64005965,14.16451033,75882,64593,11289,13
31210,경기도,이천시,83415,52530,9875,5979,1.28E+11,23.2,39.1,37.2,25.9,26.7,25,28.94,88.42,120,19.7,15.68,40.06,31.03,30.21,90,3713603,905,204724900,39.08333333,13,16730.4,39,5576.8,15,14499.7,12,18124.6,68,3198.5,438,496.6,62,3508,3,72498.3,547,397.6,1670,130.2,146,1489.7,58,3749.9,216,1006.9,57,3815.7,115,1891.3,112,1941.9,244,891.4,298,729.8,433,502.3,23,9456.3,182,1195,244,891.4,106,2051.8,49,4438.7,17,12793.8,3,72498.3,32,6796.7,192,1132.8,31210,215667.5,1.143426803,14.49128867,13.34786187,31253,28787,2466,19
31220,경기도,안성시,77368,47730,8043,4294,1.52E+11,24.7,42.4,38,26.7,26.5,24.9,31.03,52.22,120,23.53,15.64,27.81,26.41,27.79,116,993774,1491,302740600,38.90909091,14,13187.8,38,4858.7,12,15385.8,8,23078.6,60,3077.2,319,578.8,61,3026.7,3,61543,481,383.8,1607,114.9,153,1206.7,36,5128.6,168,1099,83,2224.4,77,2397.8,93,1985.3,178,1037.2,224,824.2,431,428.4,21,8791.9,139,1328.3,265,696.7,97,1903.4,32,5769.7,27,6838.1,4,46157.3,25,7385.2,183,1008.9,31220,183828,2.169963226,15.17233501,13.00237178,27891,23902,3989,22
31230,경기도,김포시,171854,101339,24917,5320,3.84E+11,23.1,41.7,37.9,29.1,27.3,21.4,42.95,55.07,42.14,17.02,6.26,18.98,14.86,17.48,210,5939823,184,87657100,36.58333333,12,38537.8,30,15415.1,13,35573.3,9,51383.7,82,5639.7,547,845.4,115,4021.3,6,77075.5,989,467.6,2459,188.1,219,2111.7,148,3124.7,367,1260.1,133,3477.1,235,1967.9,216,2141,362,1277.5,401,1153.2,787,587.6,58,7973.3,405,1141.9,365,1267,170,2720.3,106,4362.8,59,7838.2,13,35573.3,26,17786.7,346,1336.6,31230,453047.5,7.763203638,24.57380297,16.81059933,111331,76160,35171,10
31240,경기도,화성시,321871,168555,65177,11716,7.13E+11,23,44.3,38.9,27.2,29.2,24.1,32.21,31.66,99.95,17.16,8.06,24.87,19.12,29.5,465,15116943,369,325381900,39.83333333,21,40361.1,45,18835.2,21,40361.1,19,44609.7,193,4391.6,1099,771.2,222,3817.9,8,105948,1719,493.1,4869,174.1,414,2047.3,282,3005.6,632,1341.1,228,3717.5,388,2184.5,423,2003.7,663,1278.4,705,1202.2,1611,526.1,155,5468.3,669,1266.9,642,1320.2,307,2760.9,164,5168.2,97,8738,7,121083.4,77,11007.6,745,1137.7,31240,832226.5,4.345571788,18.7120934,14.36652161,155727,119562,36165,14
31250,경기도,광주시,143039,94091,24943,5523,1.70E+11,23.9,38.3,36.2,29.8,28.6,27.7,26.67,57.08,105.26,16.69,10.2,26.4,25.15,25.99,171,2819334,826,318219300,29.91666667,8,46122.1,25,14759.1,11,33543.4,5,73795.4,54,6832.9,423,872.3,104,3547.9,2,184488.5,692,533.2,2003,184.2,156,2365.2,88,4192.9,246,1499.9,73,5054.5,150,2459.8,151,2443.6,267,1381.9,289,1276.7,601,613.9,43,8580.9,227,1625.4,284,1299.2,120,3074.8,66,5590.6,35,10542.2,5,73795.4,22,16771.7,340,1085.2,31250,374978.5,2.28733114,14.5907032,12.30337206,54712,46135,8577,14
31260,경기도,양주시,86650,49627,9658,4228,2.18E+11,23.5,38.4,35.2,26.5,26.6,30.4,35.68,66.34,101.28,23.52,8.37,32.95,25.45,35.61,233,3614966,878,204955300,46.41666667,9,25329.3,22,10362,11,20724,10,22796.4,44,5181,284,802.7,65,3507.1,3,75988,550,414.5,1598,142.7,121,1884,49,4652.3,169,1348.9,63,3618.5,112,2035.4,110,2072.4,188,1212.6,232,982.6,385,592.1,22,10362,165,1381.6,310,735.4,95,2399.6,33,6908,27,8443.1,4,56991,51,4469.9,203,1123,31260,224618,3.64530002,17.12507457,13.47977455,38466,30278,8188,19
31270,경기도,포천시,59525,38120,4830,5217,91681954236,24.6,39.6,36.4,25.7,27.7,29.3,28.48,85.4,120,16.46,15.76,31.58,38.08,42.61,55,625841,3946,623263600,36.66666667,14,9970.2,33,4229.8,15,9305.5,14,9970.2,45,3101.8,281,496.7,53,2633.6,2,69791.5,543,257.1,1694,82.4,119,1173,24,5816,125,1116.7,52,2684.3,54,2584.9,72,1938.7,158,883.4,242,576.8,384,363.5,30,4652.8,109,1280.6,252,553.9,65,2147.4,23,6068.8,11,12689.4,9,15509.2,14,9970.2,154,906.4,31270,146289.5,-0.295304858,12.22439068,12.51969554,17883,18315,-432,24
31280,경기도,여주시,44234,30795,4005,3151,5145912226,23.8,39,31.9,26.6,25.7,31.5,41.56,94.18,120,27.01,27.57,81.9,45.53,43.24,45,1171483,3057,346624000,36.25,11,9783.1,32,3362.9,11,9783.1,12,8967.8,39,2759.3,158,681.1,33,3261,1,107614,364,295.6,1055,102,67,1606.2,28,3843.4,99,1087,40,2690.4,50,2152.3,43,2502.7,100,1076.1,150,717.4,278,387.1,9,11957.1,91,1182.6,178,604.6,57,1888,28,3843.4,7,15373.4,1,107614,26,4139,111,969.5,31280,110689,1.060629331,12.75013777,11.68950844,14113,12939,1174,23
31350,경기도,연천군,18014,11614,1348,2340,211551879,25.1,37.5,31.8,24.5,28,27.1,26.68,117.03,120,21.16,22.35,78.97,60.19,28.77,38,834548,11872,501965200,30.08333333,8,4971,19,2093.1,8,4971,8,4971,19,2093.1,58,685.7,17,2339.3,0,0,189,210.4,474,83.9,28,1420.3,7,5681.1,42,946.9,15,2651.2,14,2840.6,27,1472.9,54,736.4,71,560.1,116,342.8,2,19884,27,1472.9,96,414.3,26,1529.5,7,5681.1,7,5681.1,0,0,7,5681.1,27,1472.9,31350,43104.5,-0.248233943,12.13562389,12.38385783,5231,5338,-107,20
31370,경기도,가평군,25652,17128,2283,2185,3316615125,25.4,45.9,38.9,28.8,28.2,27.8,43.06,47.8,120,24.54,27.5,92.15,70.33,43.76,36,742961,12200,734886600,36.63636364,6,9619.3,18,3206.4,7,8245.1,6,9619.3,24,2404.8,138,418.2,27,2137.6,0,0,400,144.3,962,60,41,1407.7,13,4439.7,56,1030.6,46,1254.7,29,1990.2,41,1407.7,64,901.8,73,790.6,271,213,2,28858,51,1131.7,115,501.9,28,2061.3,15,3847.7,4,14429,4,14429,12,4809.7,76,759.4,31370,61675,0.565869477,11.81678152,11.25091204,7288,6939,349,20
31380,경기도,양평군,47544,34471,4916,3124,4034864135,25.9,46.9,35.2,28.7,28.7,37.4,51.2,42.35,120,27.99,31.11,90.66,52.86,39.04,42,614802,6213,707421800,36.91666667,14,8039,24,4689.4,13,8657.4,11,10231.5,33,3410.5,147,765.6,31,3630.5,1,112546,335,336,1026,109.7,57,1974.5,25,4501.8,73,1541.7,42,2679.7,71,1585.2,34,3310.2,97,1160.3,83,1356,368,305.8,12,9378.8,87,1293.6,210,535.9,49,2296.9,32,3517.1,12,9378.8,5,22509.2,26,4328.7,68,1655.1,31380,116777.5,2.0894436,14.38462032,12.29517672,16798,14358,2440,16
